sequence,client_time_iso,elapsed_ms,raw_angle_rad,raw_angle_deg,speech_detected,http_latency_ms,http_status,acoustic_state,acoustic_confidence,hypothesis_a_deg,hypothesis_b_deg,face_detected,face_count,face_center_x_norm,face_center_y_norm,face_heading_deg,face_confidence,face_score_raw,face_age_ms,fusion_state,confirmed_heading_deg,agreement_error_deg,reason_code
412,2026-08-25T09:10:36.832+01:00,162078.2784999974,1.623156189918518,92.99999917286618,False,177.9411999959848,200,SEARCHING,0.0,,,False,0,,,,0.0,,139.12689999415306,WITHHELD,,,ACOUSTIC_NOT_TRACKING
413,2026-08-25T09:10:37.063+01:00,162399.55490000284,1.8151423931121826,103.99999834060421,True,87.58639999723528,200,CANDIDATE,0.7497389997498078,-13.999998340604208,-166.00000165939582,False,0,,,,0.0,,178.8144000020111,WITHHELD,,,ACOUSTIC_NOT_TRACKING
414,2026-08-25T09:10:37.311+01:00,162630.28889999987,1.7976890802383423,102.99999717441182,True,104.91429999819957,200,CANDIDATE,0.867919287043071,-13.87499819483017,-166.12500180516986,False,0,,,,0.0,,0.21350000315578654,WITHHELD,,,ACOUSTIC_NOT_TRACKING
415,2026-08-25T09:10:37.718+01:00,162889.1072999977,1.832595705986023,104.99999950679661,False,253.44649999897229,200,CANDIDATE,0.8573233052177776,-13.78124808549964,-166.21875191450033,False,0,,,,0.0,,0.0,WITHHELD,,,ACOUSTIC_NOT_TRACKING
416,2026-08-25T09:10:38.159+01:00,163304.2476999981,1.832595705986023,104.99999950679661,False,278.70980000443524,200,TRACKING_AXIS,0.8497797387219432,-13.71093550350173,-166.28906449649827,False,0,,,,0.0,,0.0,WITHHELD,,,NO_FACE
417,2026-08-25T09:10:38.730+01:00,163731.11320000316,1.7802358865737915,102.00000283840859,True,423.0105000024196,200,TRACKING_AXIS,0.8187045558274135,-13.665525422360787,-166.33447457763918,False,0,,,,0.0,,0.0,WITHHELD,,,NO_FACE
418,2026-08-25T09:10:39.741+01:00,164284.8417999994,1.675516128540039,96.00000267144338,True,879.919200000586,200,TRACKING_AXIS,0.6199401637709174,-13.461619395604629,-166.53838060439534,False,0,,,,0.0,,206.00089999788906,WITHHELD,,,NO_FACE
419,2026-08-25T09:10:40.701+01:00,165294.42469999776,1.675516128540039,96.00000267144338,True,829.9379000018234,200,TRACKING_AXIS,0.6032776202646002,-13.051818676391548,-166.94818132360842,False,0,,,,0.0,,1215.5837999962387,WITHHELD,,,CAMERA_OBSERVATION_STALE
420,2026-08-25T09:10:41.145+01:00,166273.26880000328,1.7104226350784302,97.999998173639,True,295.3110999951605,200,TRACKING_AXIS,0.6559075756677338,-12.563627533373818,-167.43637246662615,False,0,,,,0.0,,2194.427900001756,WITHHELD,,,CAMERA_OBSERVATION_STALE
421,2026-08-25T09:10:42.112+01:00,166725.9206000017,1.6929693222045898,96.99999700744661,False,810.0475000028382,200,TRACKING_AXIS,0.586801096366845,-12.081269578709964,-167.91873042129004,False,0,,,,0.0,,0.0,WITHHELD,,,ACOUSTIC_LOW_CONFIDENCE
422,2026-08-25T09:10:42.970+01:00,167698.01539999753,1.6929693222045898,96.99999700744661,False,695.5382999949506,200,SEARCHING,0.0,,,False,0,,,,0.0,,0.0,WITHHELD,,,ACOUSTIC_NOT_TRACKING
423,2026-08-25T09:10:43.341+01:00,168537.02869999688,1.7104226350784302,97.999998173639,True,228.27649999817368,200,CANDIDATE,0.6380482864870374,-7.999998173639,-172.00000182636097,False,0,,,,0.0,,820.5683999985922,WITHHELD,,,ACOUSTIC_NOT_TRACKING
424,2026-08-25T09:10:44.000+01:00,168900.47780000168,1.7976890802383423,102.99999717441182,True,523.5990000001038,200,CANDIDATE,0.7729983985573831,-8.624998048735591,-171.37500195126438,False,0,,,,0.0,,1184.0175000033923,WITHHELD,,,ACOUSTIC_NOT_TRACKING
425,2026-08-25T09:10:44.697+01:00,169563.42210000003,1.7976890802383423,102.99999717441182,False,557.4962000027881,200,TRACKING_AXIS,0.758191599395207,-9.093747955058035,-170.906252044942,False,0,,,,0.0,,1846.9618000017363,WITHHELD,,,CAMERA_OBSERVATION_STALE
426,2026-08-25T09:10:45.298+01:00,170256.8379000004,1.7278759479522705,98.9999993398314,False,465.3132999956142,200,SEARCHING,0.0,,,False,0,,,,0.0,,2540.3776000021026,WITHHELD,,,ACOUSTIC_NOT_TRACKING
427,2026-08-25T09:10:45.763+01:00,170878.64629999967,1.7627825736999512,101.00000167221619,True,308.66339999920456,200,CANDIDATE,0.7034562431114174,-11.000001672216172,-168.99999832778383,False,0,,,,0.0,,3162.186000001384,WITHHELD,,,ACOUSTIC_NOT_TRACKING
428,2026-08-25T09:10:46.457+01:00,171303.51979999978,1.7278759479522705,98.9999993398314,False,578.189799998654,200,CANDIDATE,0.6724674569256981,-11.000001672216172,-168.99999832778383,False,0,,,,0.0,,0.0,WITHHELD,,,ACOUSTIC_NOT_TRACKING
429,2026-08-25T09:10:47.066+01:00,172034.29299999698,1.7802358865737915,102.00000283840859,False,456.33510000334354,200,SEARCHING,0.6727460335639707,,,False,0,,,,0.0,,696.4592999938759,WITHHELD,,,ACOUSTIC_NOT_TRACKING
430,2026-08-25T09:10:47.562+01:00,172610.77659999864,1.623156189918518,92.99999917286618,False,375.4400999969221,200,SEARCHING,0.0,,,False,0,,,,0.0,,1272.9428999955417,WITHHELD,,,ACOUSTIC_NOT_TRACKING
431,2026-08-25T09:10:48.065+01:00,173125.50709999778,1.6929693222045898,96.99999700744661,False,364.0655999988667,200,SEARCHING,0.0,,,False,0,,,,0.0,,1787.6733999946737,WITHHELD,,,ACOUSTIC_NOT_TRACKING
432,2026-08-25T09:10:48.569+01:00,173649.12390000245,1.7104226350784302,97.999998173639,True,344.6244000006118,200,CANDIDATE,0.7261026996615447,-7.999998173639,-172.00000182636097,False,0,,,,0.0,,2311.2901999993483,WITHHELD,,,ACOUSTIC_NOT_TRACKING
433,2026-08-25T09:10:48.995+01:00,174121.5419,1.7453292608261108,100.0000005060238,False,297.5344000005862,200,CANDIDATE,0.7289081127101461,-7.999998173639,-172.00000182636097,False,0,,,,0.0,,2783.7081999969087,WITHHELD,,,ACOUSTIC_NOT_TRACKING
434,2026-08-25T09:10:49.592+01:00,174559.7798000017,1.7802358865737915,102.00000283840859,True,455.32630000525387,200,TRACKING_AXIS,0.7967252019547719,-8.499998756735181,-171.50000124326482,False,0,,,,0.0,,0.0,WITHHELD,,,NO_FACE
435,2026-08-25T09:10:50.091+01:00,175173.5966999986,1.7802358865737915,102.00000283840859,False,342.1974000011687,200,TRACKING_AXIS,0.7061631275200968,-8.631248909797932,-171.36875109020207,False,0,,,,0.0,,0.0,WITHHELD,,,NO_FACE
436,2026-08-25T09:10:50.966+01:00,175652.38390000013,1.6929693222045898,96.99999700744661,False,737.4815999937709,200,SEARCHING,0.6202850549155189,,,False,0,,,,0.0,,0.0,WITHHELD,,,ACOUSTIC_NOT_TRACKING
437,2026-08-25T09:10:51.955+01:00,176494.0174000003,1.7104226350784302,97.999998173639,True,884.7210999956587,200,CANDIDATE,0.5241459524336498,-7.999998173639,-172.00000182636097,False,0,,,,0.0,,393.8318000000436,WITHHELD,,,ACOUSTIC_NOT_TRACKING
438,2026-08-25T09:10:52.759+01:00,177531.2464000017,1.6580628156661987,95.00000150525098,False,651.5744999996969,200,SEARCHING,0.5277670925223766,,,False,0,,,,0.0,,1431.0608000014327,WITHHELD,,,ACOUSTIC_NOT_TRACKING
439,2026-08-25T09:10:53.735+01:00,178316.74400000338,1.623156189918518,92.99999917286618,False,841.5638000005856,200,SEARCHING,0.0,,,False,0,,,,0.0,,0.0,WITHHELD,,,ACOUSTIC_NOT_TRACKING
440,2026-08-25T09:10:54.355+01:00,179304.48610000167,1.675516128540039,96.00000267144338,False,474.7817999959807,200,SEARCHING,0.0,,,False,0,,,,0.0,,0.0,WITHHELD,,,ACOUSTIC_NOT_TRACKING
441,2026-08-25T09:10:55.316+01:00,179923.2686999967,1.675516128540039,96.00000267144338,False,817.3415999990539,200,SEARCHING,0.0,,,False,0,,,,0.0,,611.2718999938807,WITHHELD,,,ACOUSTIC_NOT_TRACKING
442,2026-08-25T09:10:55.780+01:00,180857.27739999857,1.7802358865737915,102.00000283840859,False,346.9402999980957,200,SEARCHING,0.0,,,False,0,,,,0.0,,1545.280599995749,WITHHELD,,,ACOUSTIC_NOT_TRACKING
443,2026-08-25T09:10:56.283+01:00,181347.4150999973,1.7802358865737915,102.00000283840859,False,359.77139999886276,200,SEARCHING,0.0,,,False,0,,,,0.0,,0.0,WITHHELD,,,ACOUSTIC_NOT_TRACKING
444,2026-08-25T09:10:56.896+01:00,181831.29819999886,1.7802358865737915,102.00000283840859,False,489.82490000344114,200,SEARCHING,0.0,,,False,0,,,,0.0,,152.69460000126855,WITHHELD,,,ACOUSTIC_NOT_TRACKING
