maximum_geometry_error_deg,required_hits,policy,positive_trials,positive_trials_with_proposal,positive_coverage,positive_coverage_wilson95,hard_negative_trials,hard_negative_trials_with_proposal,hard_negative_false_proposal_rate,hard_negative_false_proposal_wilson95,proposed_trials,selective_risk_given_proposal,selective_risk_wilson95,hard_negative_would_move_rows,wrong_sign_moves,median_positive_first_proposal_latency_ms,median_hard_negative_observed_abstention_ms,maximum_positive_target_error_deg
6.0,1,"geometry=6.0,hits=1",12,10,0.833333333,"[0.551969138,0.953034858]",6,2,0.333333333,"[0.096771411,0.700006685]",12,0.166666667,"[0.046965142,0.448030862]",2,0,1989.643599998,11646.483,2.627957511
6.0,2,"geometry=6.0,hits=2",12,10,0.833333333,"[0.551969138,0.953034858]",6,0,0.0,"[0.0,0.390334288]",10,0.0,"[0.0,0.2775328]",0,0,2200.432399999,11657.103949999,2.64723729
6.0,3,"geometry=6.0,hits=3",12,10,0.833333333,"[0.551969138,0.953034858]",6,0,0.0,"[0.0,0.390334288]",10,0.0,"[0.0,0.2775328]",0,0,2687.26105,11657.103949999,2.64723729
6.0,4,"geometry=6.0,hits=4",12,7,0.583333333,"[0.319511313,0.806739686]",6,0,0.0,"[0.0,0.390334288]",7,0.0,"[0.0,0.354330435]",0,0,3189.397299997,11657.103949999,2.707732812
6.0,5,"geometry=6.0,hits=5",12,0,0.0,"[0.0,0.242494007]",6,0,0.0,"[0.0,0.390334288]",0,,,0,0,,11657.103949999,
8.0,1,"geometry=8.0,hits=1",12,12,1.0,"[0.757505993,1.0]",6,2,0.333333333,"[0.096771411,0.700006685]",14,0.142857143,"[0.040093921,0.399413795]",2,0,2236.367799998,11646.483,2.627957511
8.0,2,"geometry=8.0,hits=2",12,12,1.0,"[0.757505993,1.0]",6,0,0.0,"[0.0,0.390334288]",12,0.0,"[0.0,0.242494007]",0,0,2399.152999998,11657.103949999,2.64723729
8.0,3,"geometry=8.0,hits=3",12,12,1.0,"[0.757505993,1.0]",6,0,0.0,"[0.0,0.390334288]",12,0.0,"[0.0,0.242494007]",0,0,3029.66665,11657.103949999,2.64723729
8.0,4,"geometry=8.0,hits=4",12,10,0.833333333,"[0.551969138,0.953034858]",6,0,0.0,"[0.0,0.390334288]",10,0.0,"[0.0,0.2775328]",0,0,3334.743349998,11657.103949999,2.707732812
8.0,5,"geometry=8.0,hits=5",12,0,0.0,"[0.0,0.242494007]",6,0,0.0,"[0.0,0.390334288]",0,,,0,0,,11657.103949999,
10.0,1,"geometry=10.0,hits=1",12,12,1.0,"[0.757505993,1.0]",6,2,0.333333333,"[0.096771411,0.700006685]",14,0.142857143,"[0.040093921,0.399413795]",2,0,2236.367799998,11646.483,2.627957511
10.0,2,"geometry=10.0,hits=2",12,12,1.0,"[0.757505993,1.0]",6,0,0.0,"[0.0,0.390334288]",12,0.0,"[0.0,0.242494007]",0,0,2399.152999998,11657.103949999,2.64723729
10.0,3,"geometry=10.0,hits=3",12,12,1.0,"[0.757505993,1.0]",6,0,0.0,"[0.0,0.390334288]",12,0.0,"[0.0,0.242494007]",0,0,3029.66665,11657.103949999,2.64723729
10.0,4,"geometry=10.0,hits=4",12,10,0.833333333,"[0.551969138,0.953034858]",6,0,0.0,"[0.0,0.390334288]",10,0.0,"[0.0,0.2775328]",0,0,3334.743349998,11657.103949999,2.707732812
10.0,5,"geometry=10.0,hits=5",12,0,0.0,"[0.0,0.242494007]",6,0,0.0,"[0.0,0.390334288]",0,,,0,0,,11657.103949999,
12.0,1,"geometry=12.0,hits=1",12,12,1.0,"[0.757505993,1.0]",6,2,0.333333333,"[0.096771411,0.700006685]",14,0.142857143,"[0.040093921,0.399413795]",2,0,2236.367799998,11646.483,2.627957511
12.0,2,"geometry=12.0,hits=2",12,12,1.0,"[0.757505993,1.0]",6,0,0.0,"[0.0,0.390334288]",12,0.0,"[0.0,0.242494007]",0,0,2399.152999998,11657.103949999,2.64723729
12.0,3,"geometry=12.0,hits=3",12,12,1.0,"[0.757505993,1.0]",6,0,0.0,"[0.0,0.390334288]",12,0.0,"[0.0,0.242494007]",0,0,3029.66665,11657.103949999,2.64723729
12.0,4,"geometry=12.0,hits=4",12,10,0.833333333,"[0.551969138,0.953034858]",6,0,0.0,"[0.0,0.390334288]",10,0.0,"[0.0,0.2775328]",0,0,3334.743349998,11657.103949999,2.707732812
12.0,5,"geometry=12.0,hits=5",12,0,0.0,"[0.0,0.242494007]",6,0,0.0,"[0.0,0.390334288]",0,,,0,0,,11657.103949999,
14.0,1,"geometry=14.0,hits=1",12,12,1.0,"[0.757505993,1.0]",6,2,0.333333333,"[0.096771411,0.700006685]",14,0.142857143,"[0.040093921,0.399413795]",2,0,2236.367799998,11646.483,2.627957511
14.0,2,"geometry=14.0,hits=2",12,12,1.0,"[0.757505993,1.0]",6,0,0.0,"[0.0,0.390334288]",12,0.0,"[0.0,0.242494007]",0,0,2399.152999998,11657.103949999,2.64723729
14.0,3,"geometry=14.0,hits=3",12,12,1.0,"[0.757505993,1.0]",6,0,0.0,"[0.0,0.390334288]",12,0.0,"[0.0,0.242494007]",0,0,3029.66665,11657.103949999,2.64723729
14.0,4,"geometry=14.0,hits=4",12,10,0.833333333,"[0.551969138,0.953034858]",6,0,0.0,"[0.0,0.390334288]",10,0.0,"[0.0,0.2775328]",0,0,3334.743349998,11657.103949999,2.707732812
14.0,5,"geometry=14.0,hits=5",12,0,0.0,"[0.0,0.242494007]",6,0,0.0,"[0.0,0.390334288]",0,,,0,0,,11657.103949999,
