parameter,value,is_frozen_value,policy,positive_trials,positive_trials_with_proposal,positive_coverage,positive_coverage_wilson95,hard_negative_trials,hard_negative_trials_with_proposal,hard_negative_false_proposal_rate,hard_negative_false_proposal_wilson95,proposed_trials,selective_risk_given_proposal,selective_risk_wilson95,hard_negative_would_move_rows,wrong_sign_moves,median_positive_first_proposal_latency_ms,median_hard_negative_observed_abstention_ms,maximum_positive_target_error_deg
face_heading_offset_deg,-6.0,False,face_heading_offset_deg=-6.0,12,12,1.0,"[0.757505993,1.0]",6,0,0.0,"[0.0,0.390334288]",12,0.0,"[0.0,0.242494007]",0,0,3029.66665,11657.103949999,4.64723729
face_heading_offset_deg,-5.0,False,face_heading_offset_deg=-5.0,12,12,1.0,"[0.757505993,1.0]",6,0,0.0,"[0.0,0.390334288]",12,0.0,"[0.0,0.242494007]",0,0,3029.66665,11657.103949999,3.64723729
face_heading_offset_deg,-4.0,True,face_heading_offset_deg=-4.0,12,12,1.0,"[0.757505993,1.0]",6,0,0.0,"[0.0,0.390334288]",12,0.0,"[0.0,0.242494007]",0,0,3029.66665,11657.103949999,2.64723729
face_heading_offset_deg,-3.0,False,face_heading_offset_deg=-3.0,12,12,1.0,"[0.757505993,1.0]",6,0,0.0,"[0.0,0.390334288]",12,0.0,"[0.0,0.242494007]",0,0,3029.66665,11657.103949999,3.491205315
face_heading_offset_deg,-2.0,False,face_heading_offset_deg=-2.0,12,12,1.0,"[0.757505993,1.0]",6,0,0.0,"[0.0,0.390334288]",12,0.0,"[0.0,0.242494007]",0,0,3029.66665,11657.103949999,4.491205315
maximum_geometry_error_deg,6.0,False,maximum_geometry_error_deg=6.0,12,10,0.833333333,"[0.551969138,0.953034858]",6,0,0.0,"[0.0,0.390334288]",10,0.0,"[0.0,0.2775328]",0,0,2687.26105,11657.103949999,2.64723729
maximum_geometry_error_deg,8.0,False,maximum_geometry_error_deg=8.0,12,12,1.0,"[0.757505993,1.0]",6,0,0.0,"[0.0,0.390334288]",12,0.0,"[0.0,0.242494007]",0,0,3029.66665,11657.103949999,2.64723729
maximum_geometry_error_deg,10.0,True,maximum_geometry_error_deg=10.0,12,12,1.0,"[0.757505993,1.0]",6,0,0.0,"[0.0,0.390334288]",12,0.0,"[0.0,0.242494007]",0,0,3029.66665,11657.103949999,2.64723729
maximum_geometry_error_deg,12.0,False,maximum_geometry_error_deg=12.0,12,12,1.0,"[0.757505993,1.0]",6,0,0.0,"[0.0,0.390334288]",12,0.0,"[0.0,0.242494007]",0,0,3029.66665,11657.103949999,2.64723729
maximum_geometry_error_deg,14.0,False,maximum_geometry_error_deg=14.0,12,12,1.0,"[0.757505993,1.0]",6,0,0.0,"[0.0,0.390334288]",12,0.0,"[0.0,0.242494007]",0,0,3029.66665,11657.103949999,2.64723729
required_hits,1,False,required_hits=1,12,12,1.0,"[0.757505993,1.0]",6,2,0.333333333,"[0.096771411,0.700006685]",14,0.142857143,"[0.040093921,0.399413795]",2,0,2236.367799998,11646.483,2.627957511
required_hits,2,False,required_hits=2,12,12,1.0,"[0.757505993,1.0]",6,0,0.0,"[0.0,0.390334288]",12,0.0,"[0.0,0.242494007]",0,0,2399.152999998,11657.103949999,2.64723729
required_hits,3,True,required_hits=3,12,12,1.0,"[0.757505993,1.0]",6,0,0.0,"[0.0,0.390334288]",12,0.0,"[0.0,0.242494007]",0,0,3029.66665,11657.103949999,2.64723729
required_hits,4,False,required_hits=4,12,10,0.833333333,"[0.551969138,0.953034858]",6,0,0.0,"[0.0,0.390334288]",10,0.0,"[0.0,0.2775328]",0,0,3334.743349998,11657.103949999,2.707732812
required_hits,5,False,required_hits=5,12,0,0.0,"[0.0,0.242494007]",6,0,0.0,"[0.0,0.390334288]",0,,,0,0,,11657.103949999,
window_ms,400.0,False,window_ms=400.0,12,12,1.0,"[0.757505993,1.0]",6,0,0.0,"[0.0,0.390334288]",12,0.0,"[0.0,0.242494007]",0,0,3029.66665,11657.103949999,2.64723729
window_ms,600.0,True,window_ms=600.0,12,12,1.0,"[0.757505993,1.0]",6,0,0.0,"[0.0,0.390334288]",12,0.0,"[0.0,0.242494007]",0,0,3029.66665,11657.103949999,2.64723729
window_ms,800.0,False,window_ms=800.0,12,12,1.0,"[0.757505993,1.0]",6,0,0.0,"[0.0,0.390334288]",12,0.0,"[0.0,0.242494007]",0,0,3029.66665,11657.103949999,2.64723729
window_ms,1000.0,False,window_ms=1000.0,12,12,1.0,"[0.757505993,1.0]",6,0,0.0,"[0.0,0.390334288]",12,0.0,"[0.0,0.242494007]",0,0,3029.66665,11657.103949999,2.64723729
heading_tolerance_deg,4.0,False,heading_tolerance_deg=4.0,12,12,1.0,"[0.757505993,1.0]",6,0,0.0,"[0.0,0.390334288]",12,0.0,"[0.0,0.242494007]",0,0,3029.66665,11657.103949999,2.64723729
heading_tolerance_deg,6.0,False,heading_tolerance_deg=6.0,12,12,1.0,"[0.757505993,1.0]",6,0,0.0,"[0.0,0.390334288]",12,0.0,"[0.0,0.242494007]",0,0,3029.66665,11657.103949999,2.64723729
heading_tolerance_deg,8.0,True,heading_tolerance_deg=8.0,12,12,1.0,"[0.757505993,1.0]",6,0,0.0,"[0.0,0.390334288]",12,0.0,"[0.0,0.242494007]",0,0,3029.66665,11657.103949999,2.64723729
heading_tolerance_deg,10.0,False,heading_tolerance_deg=10.0,12,12,1.0,"[0.757505993,1.0]",6,0,0.0,"[0.0,0.390334288]",12,0.0,"[0.0,0.242494007]",0,0,3029.66665,11657.103949999,2.64723729
heading_tolerance_deg,12.0,False,heading_tolerance_deg=12.0,12,12,1.0,"[0.757505993,1.0]",6,0,0.0,"[0.0,0.390334288]",12,0.0,"[0.0,0.242494007]",0,0,3029.66665,11657.103949999,2.64723729
disagreement_lockout_ms,0.0,False,disagreement_lockout_ms=0.0,12,12,1.0,"[0.757505993,1.0]",6,0,0.0,"[0.0,0.390334288]",12,0.0,"[0.0,0.242494007]",0,0,2835.309099999,11657.103949999,2.64723729
disagreement_lockout_ms,750.0,False,disagreement_lockout_ms=750.0,12,12,1.0,"[0.757505993,1.0]",6,0,0.0,"[0.0,0.390334288]",12,0.0,"[0.0,0.242494007]",0,0,2835.309099999,11657.103949999,2.64723729
disagreement_lockout_ms,1500.0,True,disagreement_lockout_ms=1500.0,12,12,1.0,"[0.757505993,1.0]",6,0,0.0,"[0.0,0.390334288]",12,0.0,"[0.0,0.242494007]",0,0,3029.66665,11657.103949999,2.64723729
disagreement_lockout_ms,2250.0,False,disagreement_lockout_ms=2250.0,12,12,1.0,"[0.757505993,1.0]",6,0,0.0,"[0.0,0.390334288]",12,0.0,"[0.0,0.242494007]",0,0,3132.22985,11657.103949999,2.64723729
speech_latch_ms,0.0,False,speech_latch_ms=0.0,12,3,0.25,"[0.088941668,0.532305335]",6,0,0.0,"[0.0,0.390334288]",3,0.0,"[0.0,0.561497032]",0,0,4703.520199997,11657.103949999,1.146129337
speech_latch_ms,400.0,False,speech_latch_ms=400.0,12,11,0.916666667,"[0.646120089,0.985134906]",6,0,0.0,"[0.0,0.390334288]",11,0.0,"[0.0,0.258832967]",0,0,3389.626,11657.103949999,2.707732812
speech_latch_ms,800.0,True,speech_latch_ms=800.0,12,12,1.0,"[0.757505993,1.0]",6,0,0.0,"[0.0,0.390334288]",12,0.0,"[0.0,0.242494007]",0,0,3029.66665,11657.103949999,2.64723729
speech_latch_ms,1200.0,False,speech_latch_ms=1200.0,12,12,1.0,"[0.757505993,1.0]",6,0,0.0,"[0.0,0.390334288]",12,0.0,"[0.0,0.242494007]",0,0,3026.66535,11657.103949999,2.64723729
speech_latch_ms,1600.0,False,speech_latch_ms=1600.0,12,12,1.0,"[0.757505993,1.0]",6,0,0.0,"[0.0,0.390334288]",12,0.0,"[0.0,0.242494007]",0,0,3026.66535,11657.103949999,2.64723729
